Month,Weekly_Sales
1,11438.075108981158
2,11308.013465881348
3,11166.455329236645
4,11396.872908592224
5,11198.625154429468
6,11190.62775586999
7,11106.053065553924
8,11340.38146427949
9,11146.930906970092
10,11075.672586169154
11,11253.322434724816
12,11270.595985715428
